band,name,weight
0,Very Short,0.2221993
1,Short,0.20549719
2,Medium,0.19029202
3,Long,0.19545482
4,Very Long,0.18655658
