,BTC,ETH,BNB,SOL,XRP
BTC,0.0,0.696308,0.6975651,0.70024973,0.7231868
ETH,0.64790094,0.0,0.65861344,0.714379,0.7188217
BNB,0.6609172,0.6606685,0.0,0.6915243,0.66542
SOL,0.7255035,0.6864934,0.678109,0.0,0.70844054
XRP,0.71452206,0.6611445,0.6742046,0.68056405,0.0
